[
  {
    "title":"Sultan",
    "year":"2016",
    "language":"hindi",
    "rating":"4",
    "length":"2.2",
    "description":"If your computer or network is protected by a firewall or proxy, make sure that Firefox is permitted to access the Web.",
    "actor": [
      {
        "fname":"salman",
        "lname":"khan",
        "gender":"male"

      },
      {
        "fname":"Anuskha",
        "lname":"Sharma",
        "gender":"female"

      }
    ],
    "album":{
      "albumName":"a1",
      "images":[
        {
          "url":"img/portfolio/cover36.jpg"

        },{
          "url":"img/portfolio/cover36.jpg"
        }


      ]


    },
    "categories":[
      {
        "name":"drama"


      },
      {
        "name":"Horror"


      },
      {
        "name":"romantic"
      }],
    "createDate":"6/7/2016",
    "deleteDate":""




  },
  {
    "title":"Rustam",
    "releaseYear":"2016",
    "language":"Hindi",
    "rating":"4.5",
    "length":"1.8",
    "description":"Rustom is an upcoming Bollywood film written by Vipul K Rawal and directed by Tinu Suresh Desai. It features Akshay Kumar and Ileana D'Cruz in the lead roles",
    "actors": [
      {
        "fname":"Akshay",
        "lname":"kumar",
        "gender":"male"

      },
      {
        "fname":"Ileana",
        "lname":"decruz",
        "gender":"female"

      }
    ],
    "album":{
      "albumName":"a1",
      "images":[
        {
          "url":"img/portfolio/rustom1.jpg/"
        },{
          "url":"img/portfolio/rustom1.jpg/"
        }


      ]


    },
    "categories":[
      {
        "name":"drama"


      },
      {
        "name":"Horror"


      },
      {
        "name":"romantic"
      }],

    "createDate":"10/5/2016",
    "deleteDate":""




  },

  {
    "title":"PK",
    "releaseYear":"2015",
    "language":"Hindi",
    "rating":"4.7",
    "length":"1.8",
    "description":"PK is a 2014 Indian satirical science fiction comedy film.[4][5][6] The film was directed by Rajkumar Hirani, produced by Hirani and Vidhu Vinod Chopra, and written by Hirani and Abhijat Joshi",
    "actors": [
      {
        "fname":"Aamir",
        "lname":"khan",
        "gender":"male"

      },
      {
        "fname":"Anuskha",
        "lname":"Sharma",
        "gender":"female"

      }
    ],
    "album":{
      "albumName":"a1",
      "images":[
        {
          "url":"img/portfolio/orig_63407.jpg"
        },{
          "url":"img/portfolio/orig_63407.jpg"
        }


      ]


    },
    "categories":[
      {
        "name":"drama"


      },
      {
        "name":"Horror"


      },
      {
        "name":"romantic"
      }],

    "createDate":"10/5/2016",
    "deleteDate":""




  }




]